{
    "reusePaths": {
        "amcQw_d": {
            "icPath": "csrc"
        },
        "reYIK_d": {
            "icPath": "csrc"
        }
    },
    "Modules": {
        "...MASTER...": {
            "child_modules": {
                "id_exm_regs_tb": 1,
                "std": 1
            },
            "start_perf": [
                0.076827049255371094,
                0.054460000000000001,
                0.033909000000000002,
                270304,
                283112,
                1689145342.500252,
                2706591915701901
            ],
            "end_perf": [
                0.083416938781738281,
                0.054463999999999999,
                0.036995,
                271724,
                283112,
                2706591939840683,
                0,
                0
            ],
            "nQuads": 0,
            "nMops": 0,
            "nRouts": 5
        },
        "std": {
            "start_perf": [
                0.083537101745605469,
                0.054538999999999997,
                0.037045000000000002,
                271724,
                283112,
                1689145342.5069621,
                2706591940214353
            ],
            "child_modules": {},
            "svclass": [
                "$vcs_nba_dyn_obj",
                0,
                35,
                2,
                2,
                0,
                "sigprop$$",
                0,
                35,
                2,
                2,
                0,
                "process",
                0,
                200,
                8,
                8,
                0,
                "event",
                0,
                34,
                2,
                2,
                0,
                "mailbox",
                0,
                140,
                9,
                9,
                0,
                "semaphore",
                0,
                84,
                5,
                5,
                0
            ],
            "nRouts": 33,
            "Compiled": "Yes",
            "end_perf": [
                0.087316989898681641,
                0.057454999999999999,
                0.037961000000000002,
                271740,
                283112,
                2706591954549522,
                8589934594,
                0
            ],
            "Compiled Times": 8,
            "nQuads": 218,
            "nMops": 528
        },
        "id_exm_regs_tb": {
            "start_perf": [
                0.087526082992553711,
                0.057454999999999999,
                0.038177999999999997,
                271740,
                283112,
                1689145342.510951,
                2706591954765517
            ],
            "child_modules": {},
            "significant_routs": [
                [
                    34,
                    "R_VCSgd_UnAZF_22",
                    1556958,
                    1355,
                    87
                ],
                [
                    49,
                    "R_VCSgd_UnAZF_31",
                    1427002,
                    1236,
                    80
                ],
                [
                    51,
                    "R_VCSgd_UnAZF_33",
                    1664235,
                    60,
                    4
                ],
                [
                    53,
                    "R_VCSgd_UnAZF_35",
                    1354283,
                    1079,
                    96
                ]
            ],
            "nRouts": 116,
            "Compiled": "Yes",
            "end_perf": [
                0.10105204582214355,
                0.067431000000000005,
                0.041889000000000003,
                275632,
                283112,
                2706592004209090,
                21474836481,
                0
            ],
            "Compiled Times": 3,
            "nQuads": 889,
            "nMops": 1736
        }
    },
    "CompUnits": {
        "UnAZF_d": {
            "mod": "id_exm_regs_tb",
            "text": 15429,
            "bytes": 34138,
            "out": "UnAZF_d.o",
            "archive": "archive.7/_7569_archive_1.a",
            "checksum": 0,
            "mode": 4
        }
    },
    "ObjArchives": [
        {
            "size": 150016,
            "archive": "archive.7/_7569_archive_1.a",
            "objects": [
                [
                    "UnAZF_d.o",
                    34138
                ],
                [
                    "amcQwB.o",
                    115878
                ]
            ]
        }
    ],
    "stat": {
        "ru_self_end": {
            "ru_utime_sec": 0.069263000000000005,
            "ru_stime_sec": 0.044817000000000003,
            "ru_minflt": 28764,
            "ru_maxrss_kb": 73664,
            "ru_majflt": 0,
            "ru_nvcsw": 23,
            "ru_nivcsw": 8
        },
        "ru_childs_end": {
            "ru_utime_sec": 0.011369000000000001,
            "ru_stime_sec": 0.014737,
            "ru_minflt": 6406,
            "ru_maxrss_kb": 18176,
            "ru_majflt": 0,
            "ru_nvcsw": 17,
            "ru_nivcsw": 4
        },
        "cpu_cycles_end": 2706592021218987,
        "peak_mem_kb": 283112
    }
}