{
    "Modules": {
        "...MASTER...": {
            "child_modules": {
                "std": 1,
                "Data_align_tb": 1
            },
            "start_perf": [
                0.11024093627929688,
                0.061789999999999998,
                0.042174000000000003,
                270824,
                283664,
                1689496528.2321169,
                2984813235457218
            ],
            "nRouts": 5,
            "end_perf": [
                0.11922502517700195,
                0.062542,
                0.045928999999999998,
                273228,
                283664,
                2984813264932136,
                0,
                0
            ],
            "nQuads": 0,
            "nMops": 0
        },
        "std": {
            "start_perf": [
                0.11934304237365723,
                0.062604999999999994,
                0.045975000000000002,
                273228,
                283664,
                1689496528.241219,
                2984813265243887
            ],
            "child_modules": {},
            "Compiled": "Yes",
            "Compiled Times": 22,
            "end_perf": [
                0.12348103523254395,
                0.065448999999999993,
                0.046889,
                273252,
                283664,
                2984813278818397,
                8589934594,
                0
            ],
            "svclass": [
                "$vcs_nba_dyn_obj",
                0,
                35,
                2,
                2,
                0,
                "sigprop$$",
                0,
                35,
                2,
                2,
                0,
                "process",
                0,
                200,
                8,
                8,
                0,
                "event",
                0,
                34,
                2,
                2,
                0,
                "mailbox",
                0,
                140,
                9,
                9,
                0,
                "semaphore",
                0,
                84,
                5,
                5,
                0
            ],
            "nQuads": 218,
            "nMops": 528,
            "nRouts": 33
        },
        "Data_align_tb": {
            "start_perf": [
                0.12355208396911621,
                0.065487000000000004,
                0.046915999999999999,
                273252,
                283664,
                1689496528.2454281,
                2984813279039791
            ],
            "child_modules": {},
            "Compiled": "Yes",
            "Compiled Times": 1,
            "nMops": 455,
            "significant_routs": [
                [
                    9,
                    "R_VCSgd_Vh4S5_9",
                    3517465,
                    1433,
                    192
                ]
            ],
            "end_perf": [
                0.13959193229675293,
                0.073094999999999993,
                0.053858999999999997,
                279956,
                283664,
                2984813331561281,
                60129542145,
                0
            ],
            "nQuads": 180,
            "nRouts": 20
        }
    },
    "CompUnits": {
        "amcQw_d": {
            "mod": "...MASTER...",
            "checksum": 0,
            "out": "objs/amcQw_d.o",
            "text": 434,
            "bytes": 7904,
            "mode": 4
        },
        "Vh4S5_d": {
            "mod": "Data_align_tb",
            "checksum": 0,
            "out": "Vh4S5_d.o",
            "text": 4227,
            "bytes": 15836,
            "mode": 4,
            "archive": "archive.21/_84210_archive_1.a"
        }
    },
    "reusePaths": {
        "reYIK_d": {
            "icPath": "csrc"
        }
    },
    "ObjArchives": [
        {
            "archive": "archive.21/_84210_archive_1.a",
            "size": 132610,
            "objects": [
                [
                    "Vh4S5_d.o",
                    15836
                ],
                [
                    "amcQwB.o",
                    116774
                ]
            ]
        }
    ],
    "stat": {
        "ru_self_end": {
            "ru_utime_sec": 0.075592999999999994,
            "ru_nvcsw": 24,
            "ru_minflt": 30581,
            "ru_stime_sec": 0.056210000000000003,
            "ru_majflt": 0,
            "ru_maxrss_kb": 78592,
            "ru_nivcsw": 10
        },
        "ru_childs_end": {
            "ru_utime_sec": 0.018742000000000002,
            "ru_nvcsw": 19,
            "ru_minflt": 6983,
            "ru_stime_sec": 0.016133000000000002,
            "ru_majflt": 0,
            "ru_maxrss_kb": 18804,
            "ru_nivcsw": 9
        },
        "cpu_cycles_end": 2984813349618029,
        "peak_mem_kb": 283664
    }
}